temp_c,swvl1,swvl2,solar_MJ,evap_mm,rain_mm,sp,soil_avg,rain_3d,soil_lag1,irrigate,evapotranspiration,humidity,solar_radiation,temperature,rainfall,wind_speed,rain_event,dryness_index,heat_stress,month,NDVI,NDWI,irrigation_mm
20.771606250000023,0.2515994178472222,0.2892967855555555,15.712040708333332,-5.524184463194445,0.2096921186325,92010.66319444444,0.2704481017013888,0.7397539886925,0.2716392937499999,1,4.58,79.37,18.79,19.66,0.0,1.96,0,4.58,0,1,0.3285171,-0.3723488,1.603
20.41141173611113,0.2454164295138888,0.2862058214583333,17.224738583333334,-5.722334286111111,0.2029917399274999,92017.55097222222,0.2658111254861111,0.63775755565,0.266958819375,1,4.22,81.15,18.83,19.23,0.0,2.11,0,4.22,0,1,0.303746451,-0.3409184755,1.4769999999999999
20.25697458333336,0.2397653787499999,0.2830355963888888,17.76369723611111,-5.212162089583333,0.038222409799,92011.03472222223,0.2614004875694444,0.1937365157134999,0.2624576358333332,1,4.59,77.84,19.2,19.74,0.0,1.16,0,4.59,0,1,0.278975802,-0.309488151,1.6064999999999998
21.044580625000023,0.234913931111111,0.2799827789583333,17.357429916666668,-5.108464877777778,0.1431215582249999,91908.82180555556,0.2574483550347222,0.325754661291,0.2583978967013888,1,4.18,80.68,19.32,19.99,0.0,2.0,0,4.18,0,1,0.254205153,-0.2780578265,1.4629999999999999
21.61240083333336,0.2307762564583333,0.2771653063194444,16.439119041666665,-5.3128377604166666,0.2504367294725,91960.295,0.2539707813888888,0.76214334026,0.2547789675694444,1,3.84,81.72,17.12,20.53,0.0,2.27,0,3.84,0,1,0.229434504,-0.246627502,1.3439999999999999
21.44254187500003,0.2276472515972221,0.2748167247222222,14.060749555555557,-4.80881023125,0.45722983939,91966.69791666669,0.2512319881597222,1.0833188888025,0.2518168022916666,1,3.97,81.7,15.28,20.82,0.0,1.89,0,3.97,0,1,0.204663855,-0.2151971775,1.3895
21.797148055555574,0.2248306272222222,0.2726084392361111,14.080073805555555,-4.748879819444444,0.389197462095,91850.33444444444,0.2487195332291666,1.36072150726,0.2493720581944444,1,3.8,80.93,17.33,20.77,0.0,1.94,0,3.8,0,1,0.179893206,-0.183766853,1.3299999999999998
21.886086319444463,0.2218757204166666,0.2702319881944444,15.454605888888889,-4.866704580555556,0.61706265174,91849.04875,0.2460538543055555,1.2211843839799998,0.2467331885416666,1,3.97,78.19,17.87,20.06,0.0,2.16,0,3.97,0,1,0.155122557,-0.1523365285,1.3895
22.09988812500002,0.2186213604166666,0.2676815463194444,16.72989379166667,-5.259145055555556,0.3084218023739999,91844.79625,0.2431514533680555,1.698480672448,0.2439112136805555,1,4.03,77.61,19.61,20.85,0.0,2.17,0,4.03,0,1,0.130351908,-0.120906204,1.4105
22.39293680555558,0.2157867219444444,0.2651892765972222,16.634523388888887,-5.338623131249999,0.944273920375,91807.50694444444,0.2404879992708332,2.170743427439,0.2411035432291666,1,3.56,80.26,16.92,21.24,0.0,2.05,0,3.56,0,1,0.105581259,-0.0894758795,1.246
22.03764381944447,0.2134783002083333,0.26288445875,16.709902041666666,-5.530318891666667,1.998327797855,91768.05333333332,0.2381813794791666,5.269213381389999,0.2387414513194444,1,3.42,79.55,18.75,21.28,0.0,1.61,0,3.42,0,1,0.08081061,-0.058045555,1.1969999999999998
22.04874048611113,0.2088550991388888,0.2570551765277777,15.329625569444444,-5.239031132638889,1.835057504625,91968.07180555556,0.2329551378333333,5.6678540841250005,0.2334095638888888,1,3.02,78.67,16.83,21.61,0.04,2.51,0,2.98,0,1,0.123836694,-0.107741278,1.043
21.397939861111134,0.2070877289305555,0.2553865640972221,14.475491152777778,-5.242751542361111,1.5289772206,92106.38430555556,0.2312371465138888,4.4236940188,0.2316203645555555,1,2.56,78.29,17.94,21.01,0.0,2.71,0,2.56,0,1,0.138178722,-0.124306519,1.0
21.1309359027778,0.2054272752916666,0.2537839667361111,14.747914347222222,-5.138671126388889,0.7999442888449999,91999.05666666669,0.2296056210138888,3.56420892546,0.2300446821388888,1,2.51,75.99,18.31,20.57,0.0,2.2,0,2.51,0,1,0.15252075,-0.14087176,1.0
21.402296388888917,0.203202777986111,0.2519150847916666,16.850147805555558,-5.728346222916667,0.1496686667625,91895.57638888888,0.2275589313888888,0.74742206012,0.2281382882847221,1,2.58,68.96,20.47,19.76,0.0,1.63,0,2.58,0,1,0.159264424,-0.151977768,1.0
21.356864583333355,0.2007182442777777,0.2497467456249999,18.52287158333333,-5.757792365277778,0.0111818311225,91742.08569444444,0.2252324949513888,0.04725009156,0.2258095210972222,1,2.53,66.91,21.24,20.03,0.0,1.43,0,2.53,0,1,0.166008098,-0.163083776,1.0
23.06736861111113,0.1983149844166666,0.2475021149999999,18.87360223611111,-6.009151186111112,0.01949965875,91743.21291666669,0.2229085497083332,0.0431299192499999,0.2234997747569443,1,2.39,60.91,21.47,21.36,0.0,1.34,0,2.39,0,1,0.172751772,-0.174189784,1.0
22.33838187500002,0.1961196264999999,0.2453006109027777,18.87015480555556,-6.172099084027778,0.0235112975382499,91625.29166666669,0.2207101187013888,0.06650089428225,0.2212128108749999,1,2.24,67.79,22.11,20.65,0.0,1.58,0,2.24,0,1,0.179495446,-0.185295792,1.0
22.2533559027778,0.1943973967430555,0.2433383728472222,18.668771666666665,-5.929606527777778,0.0116810197499999,91607.56597222222,0.2188678847951388,0.0623844528824999,0.2192950780243055,1,2.04,69.28,22.28,19.69,0.01,1.79,0,2.03,0,1,0.18623912,-0.1964018,1.0
21.313435000000023,0.1928744845555555,0.2415228945833333,18.762711902777777,-5.71937535,0.0076711167,91562.55208333331,0.2171986895694444,0.0230133501,0.2176037892222222,1,1.89,58.92,22.72,20.54,0.0,1.27,0,1.89,0,1,0.183138673,-0.1920769349999999,1.0
21.615106111111132,0.195938109923611,0.2363600205555555,14.743114458333334,-5.898952565972222,1.301328830629,91936.51041666669,0.2161490652395832,4.898798410636997,0.2163921990624999,1,1.28,74.66,15.92,21.38,0.0,2.64,0,1.28,0,1,0.167636438,-0.17045261,1.0
22.95405104166669,0.1947914756527777,0.2354581622916666,14.818410861111111,-5.009802813194445,1.04457586935,91845.70027777777,0.2151248189722222,3.484737513124996,0.2154283526840277,1,1.44,71.99,18.15,23.05,0.0,0.96,0,1.44,0,1,0.164535991,-0.166127745,1.0
23.84296923611113,0.1930564246527777,0.234293936736111,16.59619823611111,-5.198891528472222,0.3355570091625,91764.1052777778,0.2136751806944444,1.5689726737624965,0.2140853136458333,1,1.44,69.51,20.47,23.66,0.0,1.24,0,1.44,0,1,0.161435544,-0.1618028799999999,1.0
23.6213959027778,0.1912198598194444,0.2329564622916666,17.752662763888893,-5.8635099722222215,0.10329632141375,91717.05430555556,0.2120881610555555,0.3725580335762464,0.2124679881388888,1,1.2,69.84,19.36,22.6,0.0,1.67,0,1.2,0,2,0.158335097,-0.157478015,1.0
23.30965888888891,0.1895907721597221,0.2315870920138888,18.888147222222223,-5.99661268125,0.017431377445,91773.58333333331,0.2105889320868055,0.1046217923999973,0.2109548781111111,1,1.11,65.56,20.84,21.94,0.0,1.7,0,1.11,0,2,0.15523465,-0.15315315,1.0
23.123358750000023,0.1882548862847222,0.230289247361111,18.894479305555556,-6.141832459722222,0.0038355588,91727.30097222223,0.2092720668229166,0.0038355587999991,0.2095684474652777,1,0.86,69.53,17.63,22.01,0.0,1.71,0,0.86,0,2,0.157856985,-0.157022487,1.0
22.657858680555577,0.1871072977430555,0.2289750838888888,19.66135018055556,-6.672345527083333,0.0116676072,91615.80208333331,0.2080411908159722,0.0309258665999964,0.2083566453124999,1,0.87,60.33,22.93,21.72,0.0,1.82,0,0.87,0,2,0.16047932,-0.160891824,1.0
22.30101583333336,0.1861843536041666,0.2277324461805555,19.366173375,-6.344998800694444,0.1236710658887499,91679.95263888888,0.206958399892361,0.2630133065512464,0.2071983550277777,1,0.74,69.87,22.06,22.88,0.0,2.28,0,0.74,0,2,0.163101655,-0.164761161,1.0
22.620939444444467,0.1853322981180555,0.2252615820138888,17.540504347222225,-5.675530367361112,0.69499241851,91837.94222222222,0.2052969400659721,4.111749010279996,0.2055173976562499,1,0.65,66.64,19.7,22.37,0.0,1.76,0,0.65,0,2,0.17096866,-0.176369172,1.0
22.071558472222243,0.1846542355625,0.2242976296527777,19.21680108333333,-6.793767209722223,0.0409015562855,91812.87152777778,0.2044759326076388,0.0780285417314964,0.2046669324479166,1,0.54,66.43,21.86,21.59,0.0,2.69,0,0.54,0,2,0.173590995,-0.180238509,1.0
21.78876909722225,0.1841068268749999,0.2233329354861111,19.85065218055556,-7.05785868125,0.0895939130999999,91791.25916666666,0.2037198811805555,0.2676323242499964,0.203912576267361,1,0.52,56.66,22.65,21.32,0.0,2.45,0,0.52,0,2,0.17621333,-0.184107846,1.0
22.36083819444447,0.1835367412569444,0.2223209804166666,19.977149527777776,-8.48845915763889,0.019168853725,91777.73958333331,0.2029288608368055,0.1150131223499981,0.2031204964756944,1,0.44,58.34,23.05,21.98,0.0,3.69,0,0.44,0,2,0.178835665,-0.187977183,1.0
22.56919201388891,0.1830572552499999,0.2213790675694444,19.88960725,-8.628330814583332,0.0,91748.42694444444,0.2022181614097222,0.0,0.202381610736111,1,0.38,63.65,22.63,22.13,0.0,2.97,0,0.38,0,2,0.181458,-0.19184652,1.0
22.13342326388891,0.1826660368749999,0.2205708820138888,19.58218409722222,-7.0208562034722215,0.03898045948,91672.39236111112,0.2016184594444444,0.0548412553199973,0.2017609806597222,1,0.35,62.04,21.7,21.19,0.0,2.68,0,0.35,0,2,0.177310653,-0.1888163199999999,1.0
22.50705333333336,0.1823872469791666,0.2198469375694444,18.58575048611111,-6.317223603472222,0.130856062185,91663.94222222222,0.2011170922743055,0.3401826895749964,0.2012338111284721,1,0.34,62.83,19.19,21.93,0.0,2.17,0,0.34,0,2,0.173163306,-0.18578612,1.0
22.7828152777778,0.1821641930416666,0.2191670734027777,17.931997652777778,-6.215422914583334,0.1308829032975,91658.74541666669,0.2006656332222222,0.4555643941624964,0.2007780079756944,1,0.26,65.75,18.0,22.01,0.0,1.98,0,0.26,0,2,0.169015959,-0.18275592,1.0
23.114793263888917,0.181880209798611,0.2184879518055555,18.27640597222222,-6.522476404166667,0.01792758609,91472.05319444444,0.2001840808020833,0.1042462828799972,0.2003058331527777,1,0.27,61.75,19.12,23.03,0.0,1.34,0,0.27,0,2,0.164868612,-0.17972572,1.0
23.01633659722224,0.1815889152638888,0.2177800074305555,19.05069493055556,-7.130704067361112,0.00036880374,91421.18277777778,0.1996844613472222,0.0022128224399981,0.1998092867395833,1,0.19,63.19,21.37,22.6,0.0,2.15,0,0.19,0,2,0.160721265,-0.17669552,1.0
22.483646180555574,0.1813677676944444,0.2171073494444443,19.8764035,-7.550088546527778,0.0834967940415,91583.82166666668,0.1992375585694443,0.1669842746579973,0.1993405556527777,1,0.2,60.65,22.71,22.62,0.0,3.2,0,0.2,0,2,0.156573918,-0.17366532,1.0
22.81301680555558,0.1811546750972221,0.2164462405555555,20.51531651388889,-7.594001277777778,0.0293347984955,91773.93625,0.1988004578263889,0.1700017603904973,0.198913733017361,1,0.19,58.57,23.41,23.1,0.0,2.95,0,0.19,0,2,0.152426571,-0.17063512,1.0
23.238640208333354,0.1809097919166666,0.2157321506249999,20.76898015277778,-6.823261131944444,0.0160143540925,91711.10180555556,0.1983209712708333,0.0378707874599964,0.1984465385520833,1,0.19,55.87,23.77,23.72,0.0,1.15,0,0.19,0,2,0.148279224,-0.16760492,1.0
24.148843611111133,0.1806557976874999,0.2149975032638888,20.766563027777774,-6.513050877083333,0.0039160242,91638.01166666666,0.1978266504756944,0.0234290899799973,0.1979469193124999,1,0.14,56.4,23.15,25.35,0.0,1.53,0,0.14,0,2,0.144131877,-0.16457472,1.0
24.576113263888917,0.1804786260694444,0.2143730586111111,19.118020388888887,-6.773690452083333,0.0453542911225,91768.95833333334,0.1974258423402777,0.0830169759924973,0.197509023829861,1,0.11,59.5,19.93,24.59,0.0,2.7,0,0.11,0,2,0.13998453,-0.16154452,1.0
23.550307569444463,0.1803801852916666,0.2138290409027777,19.996347472222222,-7.838086546527777,0.068915544055,91984.90388888888,0.1971046130972221,0.2159227684999964,0.197185569392361,1,0.09,58.7,23.84,23.01,0.0,3.39,0,0.09,0,2,0.1496591099999999,-0.1752064519999999,1.0
22.910008541666684,0.1802678635069444,0.2132598023611111,21.317030208333332,-7.946401883333333,0.057903676023,92050.88999999998,0.1967638329340277,0.1783311308312464,0.1968515712604166,1,0.08,53.06,25.4,22.38,0.0,2.32,0,0.08,0,2,0.15933369,-0.188868384,1.0
22.93500618055558,0.1801177132569444,0.2126802874999999,21.60880723611111,-7.875831403472222,0.0207580614025,91959.27430555556,0.1963990003784722,0.0861816090852464,0.1964908706527777,1,0.06,50.31,24.82,22.03,0.0,2.89,0,0.06,0,2,0.16900827,-0.202530316,1.0
22.620940972222243,0.1800003054722221,0.2121448518749999,21.53471247222222,-7.921783765277777,0.1298949101905,91958.50111111112,0.196072578673611,0.2849183921387463,0.1961459585347221,1,0.04,55.25,26.33,22.48,0.0,2.83,0,0.04,0,2,0.17868285,-0.2161922479999999,1.0
23.381462361111133,0.1799289915069443,0.2116759618055555,21.256702652777776,-7.56011644236111,0.0931486474325,91975.7302777778,0.1958024766562499,0.3466501779727464,0.1958671147847221,1,0.03,58.01,25.7,23.09,0.0,2.35,0,0.03,0,2,0.18835743,-0.22985418,1.0
23.54791055555558,0.1798346836041666,0.2111954155555555,21.47401355555555,-7.763358488194445,0.02797543738,91946.64125,0.1955150495798611,0.1251496309174964,0.1955898070763888,1,0.02,52.23,26.28,22.93,0.0,2.34,0,0.02,0,2,0.198025104,-0.230928166,1.0
24.01654868055558,0.1797403763541666,0.2107158241666666,21.39441175,-8.375393695833333,0.0078320502,91939.56486111112,0.1952281002604166,0.0351771679799973,0.1952976124166666,1,0.01,45.64,25.7,23.33,0.0,2.85,0,0.01,0,3,0.207692778,-0.232002152,1.0
23.5528009027778,0.1796413003819444,0.2102500070833332,21.30497161111111,-9.7463133625,0.00772476174,91877.65166666669,0.1949456537326388,0.0077247617399991,0.1950124110104166,1,0.01,38.15,23.12,22.75,0.0,3.19,0,0.01,0,3,0.217360452,-0.233076138,1.0
23.20526548611113,0.1795883184027777,0.209844906875,21.037210819444443,-9.693690499305555,0.0309795092999999,91853.515,0.1947166126388888,0.0696837821399964,0.1947684289826388,1,0.0,40.16,24.64,22.92,0.0,3.48,0,0.0,0,3,0.227028126,-0.234150124,1.0
23.658199236111138,0.1795433895763888,0.2094524177083333,21.63760165277778,-9.484066361111111,0.0193923567,91835.13430555556,0.194497903642361,0.0890492909399964,0.1945552827847221,1,0.0,37.38,25.22,23.41,0.0,3.43,0,0.0,0,3,0.2366958,-0.23522411,1.0
23.881385694444464,0.1795043953124999,0.2090813324305555,21.406490041666668,-9.069798072916669,0.0425666447999999,91749.81597222222,0.1942928638715277,0.0890493110999963,0.1943412364166666,1,0.0,47.13,25.41,24.18,0.0,3.67,0,0.0,0,3,0.231508744,-0.234516738,1.0
24.051365486111138,0.1794799174375,0.2087599435416666,20.51744301388889,-9.037355600694443,0.0746194194,91721.68513888888,0.1941199304895833,0.1739360130999964,0.1941547399374999,1,0.0,52.84,23.1,23.78,0.0,4.08,0,0.0,0,3,0.226321688,-0.233809366,1.0
25.128001041666693,0.1892815692083333,0.2081716326388888,21.65643906944445,-8.257494004166666,0.0154689795,91708.7927777778,0.198726600923611,0.0193850036999964,0.1991066932152777,1,0.0,41.99,24.04,26.02,0.0,2.51,0,0.0,0,3,0.21076052,-0.23168725,1.0
25.303501250000014,0.1868775678888888,0.2078425093749999,21.913429805555555,-8.953947521527779,0.0347133195,91675.24194444444,0.1973600386319444,0.1081485431999928,0.197669134986111,1,0.0,37.78,25.43,25.71,0.0,3.6,0,0.0,0,3,0.200213766,-0.221546774,1.0
25.320674791666686,0.1849854792638888,0.2075155047916666,22.236155597222226,-9.283368050694444,0.01539587844,91657.53013888888,0.1962504920277777,0.0537514619399945,0.1965001957951388,1,0.0,32.15,24.84,25.55,0.0,3.6,0,0.0,0,3,0.189667012,-0.211406298,1.0
25.619569791666688,0.1835247680208332,0.2071964477083333,22.390323694444444,-9.697841113194444,0.01548975492,91632.89694444444,0.1953606078645832,0.0502377708599928,0.1955612502465277,1,0.0,30.49,26.01,26.01,0.0,3.63,0,0.0,0,3,0.179120258,-0.2012658219999999,1.0
25.85606111111113,0.1824080150624999,0.2069007035416666,22.167245875,-10.1210777875,0.0156311795699999,91673.42013888888,0.1946543593020832,0.0468264834899928,0.1948107619687499,1,0.0,37.39,24.49,25.25,0.0,3.18,0,0.0,0,3,0.1685735039999999,-0.191125346,1.0
26.12529104166669,0.1815900806111111,0.2066295413888888,22.094642527777776,-9.209841999305556,0.0115871409,91694.28138888888,0.1941098109999999,0.0311672618999946,0.194235431079861,1,0.0,37.51,23.67,26.54,0.0,2.51,0,0.0,0,3,0.15802675,-0.18098487,1.0
26.043423888888917,0.1809348000138888,0.2063552005555555,22.148739305555555,-8.280661435416667,0.0155307087,91594.96069444444,0.1936450002847222,0.0619343594999946,0.1937559445520833,1,0.0,35.64,21.38,26.67,0.0,2.26,0,0.0,0,3,0.170045306,-0.193912068,1.0
25.991391597222247,0.1804077360277777,0.2060892315277777,22.14944105555556,-8.211817054166668,0.0078320484,91528.97333333331,0.1932484837777777,0.0117480725999964,0.1933377582256944,1,0.0,32.87,22.04,26.45,0.0,2.33,0,0.0,0,3,0.182063862,-0.206839266,1.0
27.060249444444462,0.1800166239722221,0.2058389445833333,21.69803890277778,-8.432046040277779,0.01558363185,91480.41319444444,0.1929277842777777,0.0390797770499946,0.1929998925729166,1,0.0,31.81,21.26,27.38,0.0,2.73,0,0.0,0,3,0.194082418,-0.219766464,1.0
27.2172740277778,0.179721620486111,0.2056101697916666,21.121605111111112,-7.899873434027777,0.0091075890799999,91449.71638888888,0.1926658951388888,0.0458031851849946,0.1927261885138888,1,0.0,30.5,22.2,28.08,0.0,1.86,0,0.0,0,3,0.206100974,-0.232693662,1.0
26.095190347222243,0.1796056959374999,0.2054367068749999,19.066952152777777,-7.260184868055555,0.320434199907,91457.09277777775,0.1925212014062499,0.3918226818659946,0.192525069048611,1,0.0,40.19,20.94,28.99,0.02,2.01,0,-0.02,0,3,0.21811953,-0.24562086,1.0
24.74398131944447,0.1797158981666666,0.2053960168749999,9.827228697916668,-5.064536211805556,0.31654777325,91480.4177777778,0.1925559575208332,1.4556022357849931,0.1925521428680555,1,0.0,58.57,17.43,25.67,0.99,1.51,0,-0.99,0,3,0.21295466,-0.240609156,1.0
26.70304791666669,0.1868298846527777,0.2052154538888888,17.291556791666665,-6.098585963194445,1.576565205525,91456.79055555556,0.1960226692708332,3.8908287716749927,0.1962341730555555,1,0.01,56.1,17.99,27.54,0.12,1.83,0,-0.11,0,3,0.19746005,-0.225574044,1.0
26.35889354166669,0.1854014928263888,0.2051032382638888,17.654610430555554,-6.420055242361111,1.0521769561025,91493.50583333331,0.1952523655451388,4.326606554304993,0.1954353119027777,1,0.0,55.16,17.45,27.26,0.05,1.21,0,-0.05,0,3,0.19229518,-0.22056234,1.0
27.299338819444465,0.1836544672222221,0.2046048901388888,20.21527481944445,-7.537116284027778,0.1657053759024999,91728.11930555556,0.1941296786805555,0.9448721613549949,0.1943094463611111,1,0.0,45.64,22.55,29.02,0.0,3.04,0,0.0,0,3,0.1716357,-0.200515524,1.0
24.90657203529659,0.183152159157999,0.2047450277892647,23.663944105263155,-9.601893129803676,0.0105523743427442,91815.44689849624,0.1939485934736319,0.012578932282744,0.1938740355710108,1,0.0,41.27,22.19,29.93,0.01,2.44,0,-0.01,0,3,0.16647083,-0.19550382,1.0
24.83195795843778,0.1832668741663532,0.205064531807644,23.62957991812865,-9.616539426378448,0.0258149269391352,91800.739713868,0.1941657029869987,0.0278414848791348,0.1938721616846282,1,0.0,38.81,20.89,30.31,0.01,2.3,0,-0.01,1,3,0.16306451,-0.1860125,1.0
24.75734388157896,0.1833815891747074,0.2053840358260233,23.595215730994152,-9.631185722953216,0.0410774795355261,91786.03252923976,0.1943828125003654,0.0431040374755256,0.1938702877982456,1,0.0,39.22,22.02,30.0,0.0,2.38,0,0.0,0,3,0.15965819,-0.17652118,1.0
24.68272980472015,0.1834963041830617,0.2057035398444025,23.56085154385965,-9.645832019527989,0.0563400321319171,91771.32534461153,0.1945999220137322,0.0583665900719163,0.1938684139118629,1,0.0,41.72,19.02,29.42,0.2,3.06,0,-0.2,0,4,0.15625187,-0.16702986,1.0
24.608115727861332,0.1836110191914159,0.2060230438627818,23.526487356725145,-9.660478316102758,0.0716025847283081,91756.61815998328,0.1948170315270989,0.0736291426683071,0.1938665400254803,1,0.0,44.83,20.92,28.54,0.12,2.99,0,-0.12,0,4,0.15284555,-0.15753854,1.0
24.533501651002524,0.1837257341997701,0.2063425478811611,23.49212316959064,-9.675124612677529,0.0868651373246991,91741.91097535504,0.1950341410404657,0.0888916952646979,0.1938646661390977,1,0.0,44.99,23.6,28.57,0.0,3.49,0,0.0,0,4,0.14943923,-0.14804722,1.0
24.45888757414371,0.1838404492081243,0.2066620518995404,23.457758982456134,-9.689770909252298,0.1021276899210901,91727.2037907268,0.1952512505538324,0.1041542478610886,0.1938627922527151,1,0.0,47.07,23.9,28.52,0.0,3.61,0,0.0,0,4,0.151337292,-0.155136046,1.0
24.38427349728489,0.1839551642164785,0.2069815559179197,23.423394795321634,-9.704417205827069,0.117390242517481,91712.49660609858,0.1954683600671992,0.1194168004574794,0.1938609183663324,1,0.0,42.06,24.43,27.91,0.0,3.61,0,0.0,0,4,0.153235354,-0.162224872,1.0
24.309659420426083,0.1840698792248328,0.207301059936299,23.38903060818713,-9.719063502401838,0.132652795113872,91697.78942147033,0.1956854695805659,0.1346793530538702,0.1938590444799498,1,0.0,43.22,25.15,28.29,2.52,3.41,1,-2.52,0,4,0.155133416,-0.169313698,1.0
24.23504534356727,0.184184594233187,0.2076205639546782,23.354666421052627,-9.733709798976609,0.147915347710263,91683.08223684208,0.1959025790939327,0.1499419056502609,0.1938571705935672,1,0.0,48.27,24.94,27.42,0.0,3.3,0,0.0,0,4,0.157031478,-0.176402524,1.0
24.160431266708457,0.1842993092415412,0.2079400679730575,23.320302233918127,-9.748356095551378,0.163177900306654,91668.37505221386,0.1961196886072994,0.1652044582466517,0.1938552967071846,1,0.0,53.55,22.12,28.07,1.27,3.11,1,-1.27,0,4,0.15892954,-0.18349135,1.0
24.08581718984964,0.1844140242498954,0.2082595719914368,23.285938046783624,-9.76300239212615,0.178440452903045,91653.66786758562,0.1963367981206662,0.1804670108430425,0.193853422820802,1,0.0,51.68,22.29,28.11,0.03,2.85,0,-0.03,0,4,0.161529736,-0.187451719,1.0
24.011203112990827,0.1845287392582496,0.2085790760098161,23.25157385964912,-9.77764868870092,0.1937030054994359,91638.9606829574,0.1965539076340329,0.1957295634394332,0.1938515489344193,1,0.0,46.49,16.34,28.32,0.0,3.13,0,0.0,0,4,0.164129932,-0.191412088,1.0
23.936589036132013,0.1846434542666039,0.2088985800281954,23.21720967251462,-9.79229498527569,0.2089655580958269,91624.25349832916,0.1967710171473997,0.210992116035824,0.1938496750480366,1,0.0,43.89,22.41,28.13,0.0,2.6,0,0.0,0,4,0.166730128,-0.195372457,1.0
23.8619749592732,0.184758169274958,0.2092180840465746,23.18284548538012,-9.80694128185046,0.2242281106922179,91609.5463137009,0.1969881266607664,0.2262546686322147,0.1938478011616541,1,0.0,47.0,19.91,29.33,0.01,3.23,0,-0.01,0,4,0.169330324,-0.199332826,1.0
23.78736088241439,0.1848728842833123,0.2095375880649539,23.148481298245613,-9.82158757842523,0.2394906632886089,91594.83912907269,0.1972052361741332,0.2415172212286055,0.1938459272752715,1,0.0,56.92,14.71,27.19,2.89,2.5,1,-2.89,0,4,0.17193052,-0.2032931949999999,1.0
23.71274680555557,0.1849875992916665,0.2098570920833332,23.11411711111111,-9.836233875,0.2547532158849999,91580.13194444444,0.1974223456874999,0.2567797738249963,0.1938440533888888,1,0.0,63.53,16.59,25.03,14.72,1.86,1,-14.72,0,4,0.174530716,-0.207253564,1.0
23.63813272869676,0.1851023143000207,0.2101765961017125,23.07975292397661,-9.85088017157477,0.2700157684813909,91565.4247598162,0.1976394552008667,0.2720423264213871,0.1938421795025062,1,0.14,53.65,24.75,28.22,0.06,0.94,0,0.08,0,4,0.177130912,-0.211213933,1.0
23.563518651837946,0.185217029308375,0.2104961001200918,23.045388736842103,-9.86552646814954,0.2852783210777819,91550.71757518795,0.1978565647142334,0.2873048790177778,0.1938403056161236,1,0.07,56.3,25.04,28.81,11.12,1.74,1,-11.05,0,4,0.179731108,-0.2151743019999999,1.0
23.48890457497913,0.1853317443167292,0.2108156041384711,23.0110245497076,-9.88017276472431,0.3005408736741728,91536.01039055972,0.1980736742276002,0.3025674316141686,0.193838431729741,1,0.18,65.75,23.52,26.5,7.55,2.13,1,-7.37,0,4,0.182331304,-0.219134671,1.0
23.41429049812032,0.1854464593250834,0.2111351081568504,22.9766603625731,-9.89481906129908,0.3158034262705638,91521.30320593149,0.1982907837409669,0.3178299842105593,0.1938365578433584,1,0.29,62.4,21.95,26.49,7.12,2.18,1,-6.83,0,4,0.1849315,-0.22309504,1.0
23.339676421261508,0.1855611743334376,0.2114546121752296,22.9422961754386,-9.909465357873852,0.3310659788669548,91506.59602130324,0.1985078932543337,0.3330925368069501,0.1938346839569757,1,0.3,65.73,22.25,25.97,1.1,2.24,1,-0.8,0,4,0.186584276,-0.2212733409999999,1.0
23.265062344402693,0.1856758893417919,0.2117741161936089,22.90793198830409,-9.92411165444862,0.3463285314633458,91491.88883667502,0.1987250027677004,0.3483550894033409,0.1938328100705931,1,0.38,55.33,24.39,28.37,0.0,2.34,0,0.38,0,4,0.188237052,-0.219451642,1.0
23.19044826754388,0.1857906043501461,0.2120936202119882,22.873567801169592,-9.938757951023392,0.3615910840597368,91477.18165204675,0.1989421122810672,0.3636176419997317,0.1938309361842105,1,0.2,59.66,25.86,27.32,0.0,2.76,0,0.2,0,4,0.189889828,-0.217629943,1.0
23.115834190685067,0.1859053193585003,0.2124131242303675,22.839203614035085,-9.95340424759816,0.3768536366561277,91462.47446741856,0.1991592217944339,0.3788801945961224,0.1938290622978278,1,0.13,61.45,24.49,26.84,0.02,2.76,0,0.11,0,4,0.191542604,-0.215808244,1.0
23.04122011382625,0.1860200343668545,0.2127326282487468,22.804839426900585,-9.968050544172934,0.3921161892525187,91447.7672827903,0.1993763313078007,0.3941427471925132,0.1938271884114452,1,0.08,66.19,19.79,25.6,1.06,2.17,1,-0.98,0,4,0.19319538,-0.213986545,1.0
22.96660603696744,0.1861347493752087,0.2130521322671261,22.77047523976608,-9.982696840747703,0.4073787418489097,91433.06009816208,0.1995934408211674,0.4094052997889039,0.1938253145250626,1,0.13,50.45,23.19,27.82,0.01,2.27,0,0.12,0,4,0.194848156,-0.212164846,1.0
22.891991960108623,0.186249464383563,0.2133716362855054,22.73611105263158,-9.997343137322474,0.4226412944453007,91418.35291353385,0.1998105503345342,0.4246678523852947,0.19382344063868,1,0.08,53.37,25.52,27.73,0.01,1.9,0,0.07,0,4,0.196500932,-0.210343147,1.0
22.817377883249808,0.1863641793919171,0.2136911403038846,22.70174686549708,-10.011989433897243,0.4379038470416916,91403.6457289056,0.2000276598479009,0.4399304049816855,0.1938215667522974,1,0.05,47.62,25.73,28.52,0.01,2.41,0,0.04,0,4,0.198153708,-0.208521448,1.0
22.742763806391,0.1864788944002713,0.2140106443222639,22.66738267836257,-10.026635730472014,0.4531663996380826,91388.93854427736,0.2002447693612677,0.4551929575780763,0.1938196928659147,1,0.02,50.67,26.59,28.86,0.0,2.84,0,0.02,0,4,0.199806484,-0.206699749,1.0
22.668149729532185,0.1865936094086256,0.2143301483406432,22.633018491228068,-10.041282027046783,0.4684289522344736,91374.23135964911,0.2004618788746344,0.4704555101744671,0.1938178189795321,1,0.01,51.11,26.24,29.32,0.0,2.64,0,0.01,0,4,0.20145926,-0.20487805,1.0
22.59353565267337,0.1867083244169798,0.2146496523590225,22.598654304093568,-10.055928323621554,0.4836915048308646,91359.52417502088,0.2006789883880012,0.4857180627708578,0.1938159450931495,1,0.01,44.7,24.43,30.17,0.04,3.28,0,-0.03,1,4,0.200686566,-0.205875876,1.0
22.51892157581456,0.186823039425334,0.2149691563774018,22.564290116959064,-10.070574620196323,0.4989540574272556,91344.81699039265,0.2008960979013679,0.5009806153672486,0.1938140712067669,1,0.0,50.23,23.84,30.35,0.92,1.78,0,-0.92,1,4,0.199913872,-0.206873702,1.0
20.34910645833336,0.2738567987499999,0.3166439271527777,17.288337444444444,-5.671110572222222,0.0293046219385,92147.14472222222,0.2952503629513888,0.0596694585684547,0.2966640789930555,1,3.97,80.88,18.89,19.05,0.0,2.16,0,3.97,0,1,0.19697384,-0.19783338,1.3895
20.238282638888915,0.2670774458333333,0.3122964436805555,17.491853333333335,-5.694865134722223,0.0921629700949999,92049.16555555556,0.2896869447569444,0.2232052575504547,0.2910520236458333,1,3.96,80.87,19.52,19.25,0.0,2.46,0,3.96,0,1,0.205570834,-0.205850498,1.386
20.1697040277778,0.2617891095833333,0.3085675772222221,15.34960034722222,-5.565527022916667,0.9389380454175,92108.3563888889,0.2851783434027777,1.6681198325579547,0.2860929699305555,1,3.75,81.27,14.84,18.5,0.0,2.9,0,3.75,0,1,0.214167828,-0.2138676159999999,1.3125
20.02782451388892,0.2570816678472222,0.3051678343055555,15.934899666666666,-5.839188622916667,0.5980461795299999,92185.7938888889,0.2811247510763888,2.8723288228304544,0.2822736635416666,1,3.58,82.8,17.11,19.14,0.0,3.21,0,3.58,0,1,0.222764822,-0.221884734,1.253
20.14148041666669,0.2525906034027777,0.302013079375,14.169247847222222,-5.377282506249999,0.25166661605,92111.01861111113,0.2773018413888888,0.6091924088554548,0.2780437472569444,1,3.49,83.15,17.26,19.5,0.0,2.61,0,3.49,0,1,0.231361816,-0.229901852,1.2215
20.228770694444467,0.2484673395138888,0.2989462745138889,15.501148736111112,-5.094656540277778,0.1188751352624999,92022.46180555556,0.2737068070138889,0.6562228871404547,0.2747678225694444,1,3.72,80.76,17.37,19.05,0.0,2.07,0,3.72,0,1,0.23995881,-0.23791897,1.302
19.18171395833336,0.2430559795833332,0.2950721311111111,18.005526930555554,-6.064191697916668,0.2363741339999999,92118.05097222222,0.2690640553472222,0.5211915736479547,0.2703095540972222,1,4.24,71.6,20.81,17.21,0.0,1.92,0,4.24,0,1,0.236548387,-0.236503691,1.484
18.06362895833336,0.2377037470138888,0.2911922668055555,18.834267083333334,-6.329347526388889,0.0750198911799999,92074.42361111112,0.2644480069097221,0.4074506255354547,0.2655152744444444,1,3.99,75.23,21.88,16.9,0.0,2.15,0,3.99,0,1,0.233137964,-0.235088412,1.3965
18.79541013888891,0.2330305306249999,0.2874543929861111,19.04895354166667,-6.098109013888888,0.0039160242,91919.55319444444,0.2602424618055555,0.023429089980341,0.2613083518055555,1,4.19,70.97,22.14,16.96,0.0,1.66,0,4.19,0,1,0.229727541,-0.233673133,1.4665000000000001
19.61570111111113,0.2283149296527777,0.2836471143055555,19.047637291666668,-6.120487324305556,0.0,91821.30791666669,0.2559810219791666,0.0,0.2570478655208333,1,4.51,65.29,22.58,17.98,0.0,1.38,0,4.51,0,1,0.226317118,-0.232257854,1.5784999999999998
19.964377569444466,0.2239289815277777,0.2799969780555555,18.71230705555556,-5.8169856201388885,0.026983008,91861.99652777778,0.2519629797916666,0.0385164990002273,0.2529067995833333,1,4.34,71.65,19.03,18.2,0.0,1.27,0,4.34,0,1,0.222906695,-0.230842575,1.519
19.894889513888916,0.2199220654513888,0.2764744222916666,18.783495513888887,-5.882727960416666,0.0153422306999999,91858.08569444444,0.2481982438715277,0.088459217100341,0.2491411628993055,1,4.31,68.18,21.61,17.78,0.0,1.25,0,4.31,0,1,0.219496272,-0.229427296,1.5084999999999997
19.879536666666688,0.2160959241666666,0.2729910746527778,19.21058077777778,-6.022924713888889,0.0156608468999999,91763.9177777778,0.2445434994097222,0.0195768711002273,0.2454264429166666,1,4.26,68.68,22.41,17.92,0.0,1.27,0,4.26,0,1,0.216085849,-0.228012017,1.4909999999999999
20.323969166666693,0.2126891878472221,0.2697007922916666,19.194671347222226,-5.77204794375,0.0349082334,91818.37611111112,0.2411949900694444,0.0935297604004547,0.2420026459722222,1,4.32,68.52,22.07,18.59,0.0,1.7,0,4.32,0,1,0.212675426,-0.226596738,1.512
19.907245763888916,0.2096206882638888,0.2665863038888889,19.014561375,-5.8186365166666665,0.03664809405025,91885.48375,0.2381034960763888,0.1234982763084547,0.2388452956249999,1,4.17,70.56,22.41,18.12,0.0,1.37,0,4.17,0,1,0.209265003,-0.225181459,1.4594999999999998
19.582476597222243,0.2070771322222222,0.263831880486111,18.51012643055555,-5.836340840972222,0.18575712606,92015.29277777778,0.2354545063541666,0.4023373056232047,0.2360584473437499,1,3.8,73.63,22.33,18.42,0.0,2.04,0,3.8,0,1,0.20585458,-0.22376618,1.3299999999999998
19.82915048611113,0.2048261431944444,0.2612167993055555,18.70000573611111,-6.138259742361111,0.346659113225,92008.19680555556,0.2330214712499999,0.9409624771754548,0.2336301275520833,1,3.75,70.29,22.87,18.12,0.0,2.23,0,3.75,0,1,0.205243542,-0.221697386,1.3125
19.75887680555558,0.2028082741388888,0.2589405903472221,18.502178402777776,-5.826992501388889,0.1221410732225,91988.83222222222,0.2308744322430555,0.6102848266929547,0.2313291758888888,1,2.8,79.34,20.18,18.66,0.0,2.32,0,2.8,0,1,0.204632504,-0.219628592,1.0
20.91804256944447,0.2015912803124999,0.2571306234027777,16.109063902777777,-5.515043881944444,0.5267403176,91921.40402777775,0.2293609518576388,1.2163617889254548,0.2297034798784721,1,3.17,76.46,17.92,19.09,0.0,2.27,0,3.17,0,1,0.204021466,-0.217559798,1.1095
20.599143333333355,0.2001055608333333,0.2551667950694444,17.346842402777778,-6.229418372222222,0.20358599074,91845.8125,0.2276361779513888,0.9550340151404548,0.2281251479027777,1,3.15,70.76,19.91,18.95,0.0,2.48,0,3.15,0,1,0.203410428,-0.215491004,1.1024999999999998
20.810098125000025,0.1989784234999999,0.2534839843749999,15.324610527777777,-5.435335597222222,0.7541228139905001,91776.9075,0.2262312039374999,1.209038877176841,0.2264339128263888,1,2.97,79.12,16.62,20.56,0.01,2.6,0,2.9600000000000004,0,1,0.20279939,-0.21342221,1.036
20.8303759027778,0.1977494554513888,0.2505694496527777,16.796259444444445,-5.822471035416667,0.99573436241,91792.11930555556,0.2241594525520833,5.445941308887956,0.2246200241666666,1,2.87,73.1,20.71,19.36,0.01,2.25,0,2.8600000000000003,0,1,0.201577314,-0.209284622,1.0010000000000001
20.842678888888912,0.1960332654513888,0.2484922410416666,18.805846236111112,-6.331379655555556,0.0968627599889999,91809.34138888888,0.2222627532465277,0.3409270057799547,0.2227400674999999,1,2.76,70.79,21.84,19.4,0.0,2.19,0,2.76,0,1,0.200966276,-0.207215828,1.0
20.598689513888917,0.1944986982916666,0.2464948233333332,18.884238916666668,-6.195966527777777,0.189354103825,91803.79625,0.2204967608124999,0.4930915875554547,0.2209135161944443,1,2.57,68.25,22.2,18.34,0.0,2.27,0,2.57,0,1,0.200355238,-0.205147034,1.0
20.2180202777778,0.1929999461805555,0.2445230486805555,19.350067027777776,-6.669132266666667,0.07745173105,91745.31958333332,0.2187614974305555,0.3375559476004547,0.2191943599513888,1,2.42,63.19,22.68,18.62,0.0,2.51,0,2.42,0,1,0.1997442,-0.20307824,1.0
20.432137222222245,0.1917408837083332,0.2426959144444443,19.37674175,-6.853218129166667,0.0231585822,91677.14694444444,0.2172183990763888,0.0847956834004547,0.217562728375,1,2.16,68.34,21.73,19.98,0.0,2.75,0,2.16,0,1,0.20088831,-0.205997592,1.0
22.29382083333336,0.1918597752013888,0.2389371661805555,17.401432472222226,-6.943082821527778,0.0784000503,91720.69444444444,0.2153984706909721,0.3306854146104547,0.2157511182604166,1,1.77,62.72,19.25,21.18,0.0,2.98,0,1.77,0,2,0.20432064,-0.214755648,1.0
22.84529854166669,0.1906244491805555,0.2377091516666666,13.880135,-7.559198919444444,0.1122102579499999,91775.06944444444,0.214166800423611,0.2206180120254547,0.2144144906493055,1,1.2,68.09,14.71,21.04,0.0,2.88,0,1.2,0,2,0.20546475,-0.217675,1.0
21.765935277777803,0.1900207731041666,0.2369889154861111,11.280986638888889,-5.98455949375,0.3814615320985,91823.39125,0.2135048442951388,0.8028332289209548,0.2136120798611111,1,1.49,69.86,9.39,22.09,0.19,2.95,0,1.3,0,2,0.20660886,-0.220594352,1.0
22.753963541666693,0.1892808277430555,0.2358530889583333,16.116773527777777,-6.875962465972222,0.1641660939,91764.80555555556,0.2125669583506944,0.9849965634002272,0.2129191822291666,1,1.57,63.35,22.39,21.99,0.07,3.03,0,1.5,0,2,0.20775297,-0.2235137039999999,1.0
22.680621944444464,0.1881029345763888,0.2341808745833333,19.33668518055556,-7.526455324305555,0.0190819485,91731.81486111112,0.2111419045798611,0.0267530652002273,0.211500485829861,1,1.62,62.21,23.0,22.14,0.0,2.08,0,1.62,0,2,0.2088970799999999,-0.226433056,1.0
22.51476055555558,0.1870280368055555,0.2325383293055555,19.77033369444445,-7.176296690972222,0.015326856,91767.92944444444,0.2097831830555555,0.0686412999004547,0.2101082272881944,1,1.35,63.21,21.68,21.31,0.0,1.85,0,1.35,0,2,0.21004119,-0.229352408,1.0
22.56001076388891,0.186113887298611,0.2310583330555555,19.12022380555556,-6.066568361111111,0.0347480117999999,91750.77555555556,0.2085861101770832,0.0658482183004547,0.2088700399374999,1,1.05,61.93,22.55,21.3,0.0,0.92,0,1.05,0,2,0.2111853,-0.23227176,1.0
23.49048680555558,0.1853152382638888,0.2296069463194444,19.5073135,-6.486543192361111,0.0230669955,91752.65736111112,0.2074610922916666,0.1039221756004546,0.2077346911354166,1,1.12,62.56,21.72,22.11,0.0,2.12,0,1.12,0,2,0.206834786,-0.229646122,1.0
23.045624375000024,0.1846554018055555,0.2282235881944444,19.826168375,-7.172698756944444,0.0193778307,91831.01263888887,0.2064394949999999,0.042471648900341,0.2066802975312499,1,0.98,62.96,22.72,21.7,0.0,2.22,0,0.98,0,2,0.202484272,-0.227020484,1.0
22.957695000000022,0.1840778985763888,0.2268943790277777,20.096230666666667,-7.591576895833333,0.0268757244,91911.89458333334,0.2054861388020832,0.0847823427004547,0.2057217493194444,1,0.95,61.28,22.58,21.81,0.0,2.27,0,0.95,0,2,0.198133758,-0.224394846,1.0
22.877388750000023,0.183528370611111,0.2255808513194444,20.423550055555555,-7.642102190972222,0.0230669947799999,91950.10069444444,0.2045546109652777,0.069120517320341,0.2047847643055555,1,0.91,53.37,21.87,22.14,0.0,2.29,0,0.91,0,2,0.193783244,-0.221769208,1.0
23.29476875000002,0.1830112664236111,0.224297735486111,20.543678083333333,-7.89505587986111,0.007693884,91951.30194444444,0.2036545009548611,0.046175469120341,0.2038724158298611,1,0.84,51.62,24.29,22.22,0.0,2.45,0,0.84,0,2,0.18943273,-0.21914357,1.0
23.266074097222244,0.1825718356666666,0.2230957878472222,20.571014944444443,-8.42047520138889,0.0,91953.86333333334,0.2028338117569444,0.0,0.2030271425312499,1,0.75,51.59,24.63,21.94,0.0,2.7,0,0.75,0,2,0.191051338,-0.219656462,1.0
22.655324861111136,0.1822020211180555,0.2219721477777777,20.78618609722222,-7.966267626388889,0.0039160242,91902.95722222223,0.2020870844479166,0.0039160242001136,0.202270772954861,1,0.66,53.55,24.9,21.52,0.0,2.1,0,0.66,0,2,0.1926699459999999,-0.220169354,1.0
22.65217854166669,0.1818834944444444,0.2208990521527777,20.87232930555556,-7.899301875694444,0.03083267844,91793.33444444444,0.201391273298611,0.0616526368204547,0.2015586958159722,1,0.62,53.13,24.98,21.57,0.0,2.14,0,0.62,0,2,0.194288554,-0.220682246,1.0
22.584412500000028,0.1816053389444444,0.2198787260416666,20.98890163888889,-8.567317403472222,0.0271151946,91807.75694444444,0.2007420324930555,0.120023030700341,0.20089721675,1,0.53,55.6,24.23,21.67,0.0,2.82,0,0.53,0,2,0.195907162,-0.221195138,1.0
22.732350000000025,0.1813595034930555,0.2189277013194444,21.05343668055556,-8.367054089583334,0.0,91853.26388888888,0.2001436024062499,0.0,0.2002902560763888,1,0.47,57.91,24.78,21.55,0.0,2.6,0,0.47,0,2,0.19752577,-0.22170803,1.0
22.759298263888912,0.1811352836458333,0.2180407843055555,20.884838416666668,-7.650638641666666,0.0232066548,91872.99763888888,0.1995880339756944,0.0271226790002273,0.1997205949201388,1,0.44,58.37,24.86,21.69,0.0,2.2,0,0.44,0,2,0.185380616,-0.201234088,1.0
23.0462777777778,0.1809291838888888,0.2172281476388888,20.66329,-7.10998654513889,0.0270464589,91882.72222222222,0.1990786657638888,0.1082944287004547,0.1992012658715277,1,0.4,57.71,24.4,22.03,0.0,2.11,0,0.4,0,2,0.173235462,-0.180760146,1.0
23.00614222222224,0.1807338926458332,0.2164491014583333,20.728180819444447,-6.819828340277779,0.0156256190999999,91903.21305555556,0.1985914970520833,0.062219090700341,0.1987138321909721,1,0.4,52.91,24.8,22.37,0.0,1.58,0,0.4,0,2,0.161090308,-0.160286204,1.0
23.198166736111133,0.1805429457291666,0.215676201111111,21.09180225,-7.495807974999999,0.0231742799999999,91933.07166666666,0.1981095734201388,0.0388383786004547,0.1982256568402777,1,0.34,53.8,24.89,22.52,0.0,2.06,0,0.34,0,2,0.148945154,-0.139812262,1.0
23.34532972222225,0.1803878148819443,0.2149296863888888,21.319187972222224,-8.066552606944445,0.0347132898,91868.10986111112,0.1976587506354166,0.1038344805004547,0.1977673635659722,1,0.29,52.78,24.13,22.29,0.0,2.83,0,0.29,0,2,0.1368,-0.11933832,1.0
22.61870569444447,0.1802655326180555,0.2142382722222222,21.703684402777775,-8.557128972222223,0.0308051656199999,91859.55902777777,0.1972519024201388,0.1041605001004547,0.1973499718368055,1,0.25,50.77,26.2,21.52,0.0,2.96,0,0.25,0,2,0.155673972,-0.147304296,1.0
22.528696319444467,0.1801413427291666,0.2135842646527777,21.90972908333333,-8.359661214583333,0.034744149,91945.17819444444,0.1968628036909721,0.0848477973604547,0.1969588599444444,1,0.23,43.37,26.48,21.79,0.0,2.53,0,0.23,0,2,0.174547944,-0.175270272,1.0
23.16333541666669,0.1800334715277777,0.2129490116666666,21.919867902777774,-8.754354174305554,0.0464043357,92089.77083333331,0.1964912415972222,0.1275720309004547,0.1965808867638888,1,0.2,40.17,26.53,22.68,0.0,2.89,0,0.2,0,2,0.193421916,-0.203236248,1.0
23.13653368055558,0.179928673798611,0.2123481957638888,21.92272747222222,-9.539525197222222,0.0346578876,92172.98041666666,0.1961384347812499,0.1312307856004547,0.196222888142361,1,0.16,47.75,25.4,22.35,0.0,3.24,0,0.16,0,2,0.212295888,-0.231202224,1.0
21.94375395833336,0.1798499424375,0.2118211314583333,22.032419069444448,-9.0124364375,0.0233352153,92171.32055555556,0.1958355369479166,0.069522848100341,0.1959066389826388,1,0.12,44.79,26.37,21.45,0.0,3.21,0,0.12,0,2,0.23116986,-0.2591682,1.0
22.625793958333357,0.179810842236111,0.2113861506944444,20.828363430555555,-8.249905431944445,0.1059887362499999,92135.58222222222,0.1955984964652777,0.152820099450341,0.1956409345451388,1,0.1,56.84,24.17,23.06,0.0,2.99,0,0.1,0,2,0.222369044,-0.25351278,1.0
23.73742562500002,0.1798350022569444,0.2110331856249999,19.46165775,-8.126606486805555,0.1644346628535,92142.56597222222,0.1954340939409721,0.6004599914684547,0.1954816187326388,1,0.09,53.96,22.23,23.21,0.0,3.25,0,0.09,0,3,0.213568228,-0.24785736,1.0
22.741918819444468,0.1797705757222221,0.2106371989583332,21.031106875000003,-9.071221314583331,0.027170777085,92211.76736111112,0.1952038873402777,0.162998585547841,0.1952689491631944,1,0.07,44.38,26.55,21.87,0.0,3.46,0,0.07,0,3,0.204767412,-0.24220194,1.0
22.71842048611113,0.1796819903749999,0.2101978727777777,22.05106305555556,-9.667726089583333,0.0076711167,92245.39930555556,0.1949399315763888,0.0076711167001137,0.1950041457187499,1,0.05,42.38,26.69,22.23,0.0,3.76,0,0.05,0,3,0.195966596,-0.2365465199999999,1.0
23.44622611111113,0.1796062249722222,0.2097667052083333,22.092165375,-10.082654124305556,0.0115871409,92218.1425,0.1946864650902777,0.0422716077004548,0.1947489838923611,1,0.04,38.03,26.18,22.66,0.0,3.68,0,0.04,0,3,0.18716578,-0.2308911,1.0
23.94863159722224,0.1795302499027777,0.2093367045138888,21.94351081944444,-10.2052239875,0.0117480726,92174.78111111112,0.1944334772083333,0.0313281936004548,0.1944971084340277,1,0.03,39.88,26.17,22.99,0.0,3.45,0,0.03,0,3,0.186017336,-0.227222773,1.0
23.64927041666669,0.1794649762083333,0.2089294855555555,22.100535791666665,-10.024656609027778,0.0271171288799999,92037.5,0.1941972308819444,0.0543951900004548,0.1942524378888888,1,0.02,38.68,26.54,23.14,0.0,3.58,0,0.02,0,3,0.184868892,-0.223554446,1.0
23.336241944444467,0.1794535315347222,0.208587646111111,20.296006388888888,-9.124407215972225,0.1363743063725,91975.27527777778,0.1940205888229166,0.2213846772129548,0.1940500998854166,1,0.01,41.3,21.56,23.57,0.0,3.57,0,0.01,0,3,0.183720448,-0.219886119,1.0
23.530983888888915,0.1794834139305555,0.2082819413888888,21.17619033333333,-9.40408370763889,0.140258689315,91963.50694444444,0.1938826776597221,0.6085971719504548,0.1939282418506944,1,0.01,45.39,26.09,23.03,0.0,3.51,0,0.01,0,3,0.182572004,-0.216217792,1.0
23.507271250000027,0.1794318094027777,0.2079889512499999,20.731130125,-9.179144818055557,0.0154538307,91925.14,0.1937103803263888,0.084982899240341,0.1937516003020832,1,0.0,46.54,20.27,22.69,0.0,3.07,0,0.0,0,3,0.1814235599999999,-0.212549465,1.0
23.163027569444463,0.1793871984444444,0.2077298684722222,20.00009588888889,-8.787008396527778,0.0039160242,91892.60763888888,0.1935585334583333,0.0039160242001137,0.1935932898958332,1,0.0,46.76,22.3,23.53,0.0,3.35,0,0.0,0,3,0.1802751159999999,-0.208881138,1.0
23.42097180555558,0.1793461904513889,0.2074631591666666,21.737505819444447,-8.736400623611111,0.0193655476799999,91879.43291666669,0.1934046748090277,0.0427544062204548,0.1934464241388888,1,0.0,50.51,25.48,24.02,0.0,3.58,0,0.0,0,3,0.179126672,-0.205212811,1.0
23.949442708333358,0.1793121760694443,0.2071965535416666,22.188319277777776,-8.545884227777778,0.0643763390425,91862.1725,0.1932543648055555,0.1719444966429548,0.1932894920381944,1,0.0,50.8,26.29,24.43,0.0,3.58,0,0.0,0,3,0.177978228,-0.201544484,1.0
24.7807571527778,0.1792636447499999,0.2069443597222222,22.028524319444443,-8.381139147222221,0.031468678185,91752.78819444444,0.1931040022361111,0.1156056979004548,0.1931420432118055,1,0.0,45.74,24.75,25.39,0.0,3.19,0,0.0,0,3,0.176829784,-0.197876157,1.0
25.762904444444462,0.1792168085138888,0.2066929077083333,21.15321127777778,-8.096915225,0.02288819466,91628.78013888888,0.1929548581111111,0.0688103762404548,0.1929916805208333,1,0.0,42.42,23.93,26.26,0.0,2.41,0,0.0,0,3,0.17568134,-0.19420783,1.0
26.00215437500002,0.1791731519791666,0.2064307529166666,21.10424443055556,-8.322985300694445,0.02699536085,91569.36111111112,0.1928019524479166,0.073022061050341,0.1928400993715277,1,0.0,47.79,23.05,26.8,0.0,2.85,0,0.0,0,3,0.1851128739999999,-0.201299278,1.0
24.11911951388891,0.2645807263194444,0.2246546208333333,21.98584059722222,-7.645384879166666,0.045351553375,91538.74763888888,0.2446176735763888,0.264516264065341,0.2474744052430555,1,0.31,44.89,26.06,24.27,0.0,1.86,0,0.31,0,3,0.2225005473333333,-0.2074752086666666,1.0
25.32119444444447,0.2463952169444444,0.223496119861111,22.11578725,-7.004556661805555,0.0587217515325,91559.91777777777,0.2349456684027777,0.1200623809979547,0.2371142175694444,1,0.23,49.42,24.81,25.32,0.0,1.25,0,0.23,0,3,0.222331316,-0.196380278,1.0
26.1763902777778,0.2318540142708332,0.2220474887499999,21.811583291666665,-7.032037092361112,0.0276985581149999,91573.03708333331,0.2269507515104166,0.1238026698654547,0.2288140193749999,1,0.15,52.69,23.83,27.18,0.49,1.52,0,-0.34,0,3,0.2221620846666666,-0.1852853473333333,1.0
26.19230847222224,0.2204777394722221,0.2206013997222221,20.593862166666664,-7.057616220138889,0.1491550324199999,91605.92125,0.2205395695972222,0.2810288162604547,0.2219174699965277,1,0.09,58.81,21.76,26.83,1.2,1.62,1,-1.11,0,3,0.2219928533333333,-0.1741904166666666,1.0
26.977428194444464,0.2109103735416666,0.2173989609722222,21.650200222222225,-7.936749169444444,1.262870407475,91609.90513888888,0.2141546672569444,7.39210530960034,0.2154258090972222,1,0.05,56.39,24.15,26.55,0.04,1.56,0,0.01,0,3,0.2214851593333333,-0.1409056246666666,1.0
26.704027361111137,0.2034472362013888,0.2160325579166666,22.49067461111111,-7.645262073611111,0.000201165675,91637.60638888887,0.2097398970590277,0.0004023313502273,0.2107180490590277,1,0.03,53.22,24.98,27.8,0.36,1.96,0,-0.33,0,3,0.221315928,-0.129810694,1.0
26.98634083333335,0.1943932639583333,0.213252915,17.764698291666665,-6.538644886111111,1.9057728211925,91564.34486111112,0.2038230894791666,9.581360873590455,0.2043075562152777,1,0.01,49.94,23.59,27.67,0.0,1.23,0,0.01,0,3,0.220808234,-0.096525902,1.0
26.81400868055557,0.1897456912152777,0.211654769236111,20.37796183333333,-7.359973492361112,1.516760445745,91553.21416666669,0.2007002302256944,8.295297791175456,0.2011482452604166,1,0.0,52.1,22.11,27.75,0.44,1.65,0,-0.44,0,4,0.2204697713333333,-0.0743360406666666,1.0
26.623948263888916,0.1873674388958333,0.2108321716666666,21.142350736111112,-7.406843020138889,0.1314150812424999,91559.05888888887,0.19909980528125,0.5476895676572056,0.1994647976076388,1,0.0,49.07,23.34,28.29,0.39,1.57,0,-0.39,0,4,0.22030054,-0.06324111,1.0
26.56344659722225,0.1856687332569444,0.2091002996527777,17.93771451388889,-6.602485019444444,1.9641842681,91685.14472222223,0.197384516454861,3.6685861577254544,0.1975411312152777,1,0.01,53.64,22.48,26.96,0.03,2.27,0,-0.02,0,4,0.234726034,-0.176329344,1.0
26.079034375000028,0.184640354548611,0.2085938981944444,19.445443194444444,-7.397252869444445,1.0842122565315,91812.99180555556,0.1966171263715277,5.4639023297999545,0.1968459020972221,1,0.01,52.49,24.67,26.76,0.0,2.96,0,0.01,0,4,0.239534532,-0.214025422,1.0
25.97741548611113,0.1834079953541666,0.2080673643749999,22.19814975,-8.709714170833333,0.0726905340575,91929.5925,0.1957376798645832,0.3969556561179547,0.1959504552430555,1,0.0,50.69,27.0,26.25,0.0,3.58,0,0.0,0,4,0.24434303,-0.2517215,1.0
26.00597631944447,0.1823948755972221,0.2075400881944444,23.137429486111117,-8.800357819444443,0.0309212747999999,91925.30916666667,0.1949674818958332,0.0812604654004547,0.1951469845416666,1,0.0,48.56,27.19,26.92,0.0,3.14,0,0.0,0,4,0.239706318,-0.25136721,1.0
26.7284127777778,0.1816482542638888,0.2070679124305555,22.624202458333333,-8.965242651388888,0.10360851715,91842.59361111112,0.1943580833472221,0.2411816573004547,0.1944912801631944,1,0.0,43.49,26.85,27.38,0.0,3.13,0,0.0,0,4,0.235069606,-0.25101292,1.0
26.71486576388892,0.1810410816319444,0.2066231830555555,23.122646694444445,-8.981189811805557,0.0682741311499999,91853.02777777778,0.1938321323437499,0.2437248625004547,0.1939613020937499,1,0.0,32.85,27.64,27.55,0.0,2.64,0,0.0,0,4,0.230432894,-0.25065863,1.0
27.166262152777804,0.1805087195138888,0.2061787707638888,23.605298777777776,-9.089392307638889,0.0269293679999999,91792.96069444444,0.1933437451388888,0.134780960700341,0.1934603052326388,1,0.0,31.04,27.79,27.19,0.0,2.53,0,0.0,0,4,0.2257961819999999,-0.25030434,1.0
27.91630034722224,0.1800778709305555,0.2057621220833333,23.61610830555556,-9.467914077777776,0.0,91755.48611111112,0.1929199965069443,0.0,0.1930167413472221,1,0.0,27.11,28.16,29.22,0.0,2.79,0,0.0,0,4,0.22115947,-0.24995005,1.0
27.968668888888917,0.17974726375,0.2053852081944444,23.477408819444445,-9.271009411111113,0.0039160242,91742.90277777778,0.1925662359722222,0.0039160242001136,0.1926477752152777,1,0.0,27.88,27.01,28.31,0.0,2.58,0,0.0,0,4,0.216393272,-0.238990342,1.0
27.620661111111133,0.1795171104027777,0.2050587340277777,21.67709368055556,-8.634590085416667,0.01158714234,91697.91319444444,0.1922879222152777,0.0272512402204547,0.1923489042951388,1,0.0,32.9,23.37,28.5,0.0,2.25,0,0.0,0,4,0.211627074,-0.228030634,1.0
27.594255625000024,0.1793535022499999,0.2047650018749999,22.96729088888889,-9.24899748125,0.0192046077,91580.77541666669,0.1920592520624999,0.0576138249004547,0.1921137706249999,1,0.0,32.62,25.93,27.87,0.0,2.62,0,0.0,0,4,0.206860876,-0.217070926,1.0
27.737080138888917,0.1792244382291666,0.2044953238888888,23.65688529166667,-9.258415723611112,0.02312064018,91614.38083333331,0.1918598810590277,0.0615298687204547,0.1919061871354166,1,0.0,33.02,26.98,27.95,0.0,3.02,0,0.0,0,4,0.202094678,-0.2061112179999999,1.0
28.028905069444463,0.1791329915208332,0.2042507595833333,23.5698735,-9.224100475,0.0462710933999999,91695.66444444444,0.1916918755520833,0.1158244864204547,0.1917311882291666,1,0.0,35.03,27.83,28.87,0.0,2.75,0,0.0,0,4,0.19732848,-0.19515151,1.0
28.320669375000023,0.1790581806041666,0.2040297185416666,23.42239783333333,-8.787620000694446,0.03857314464,91500.85527777777,0.1915439495729166,0.1233659953804547,0.1915785997256944,1,0.0,32.76,27.2,29.41,0.0,2.16,0,0.0,0,4,0.192705454,-0.196781846,1.0
28.13551138888891,0.1790296765902777,0.2038381361805555,22.03610598611111,-8.140483222916668,0.11239432565,91337.6725,0.1914339063854166,0.2419131430654547,0.1914565296770833,1,0.0,34.37,26.03,30.85,0.0,1.37,0,0.0,1,4,0.188082428,-0.198412182,1.0
27.58177263888891,0.1794017162291666,0.2036852300694443,20.16006575,-7.354109465277777,1.8455758716340005,91362.13194444444,0.1915434731493055,2.7164369871758414,0.1914364495729166,1,0.0,43.57,23.49,29.99,0.95,2.13,0,-0.95,0,4,0.183459402,-0.200042518,1.0
27.724612500000024,0.2802931466666666,0.3179766337499999,21.253816166666667,-7.354654411805555,0.1082539349999999,91688.26041666669,0.2991348902083333,0.2625882228004689,0.3026506104166666,1,0.65,50.52,24.31,29.1,0.17,0.99,0,0.48,0,5,0.2078737148,-0.1864706556,1.0
27.38094520833336,0.2651955285416666,0.307816929375,20.261966027777778,-7.136524879166666,0.84831304675,91768.25236111112,0.2865062289583333,1.772207362550469,0.2894965806944444,1,0.72,54.37,21.64,29.27,0.02,2.17,0,0.7,0,5,0.20927623,-0.1857693,1.0
27.591489097222247,0.2518884869444444,0.2983595527083333,20.18817413888889,-7.412371522222223,0.425793227743,91652.05444444444,0.2751240198263889,1.925397660104469,0.2778459653819444,1,0.34,65.41,23.56,27.13,0.01,1.42,0,0.33,0,5,0.207776957,-0.188494842,1.0
24.508336875000023,0.2573591867361111,0.2986570997916666,20.590001944444445,-6.928852697916667,0.6809737512455,91670.8461111111,0.2780081432638889,3.9485394814459545,0.2801121078819444,1,0.81,66.96,24.7,26.04,0.02,2.67,0,0.79,0,8,0.19983754,-0.20645294,1.0
24.42511479166669,0.2478794524305555,0.2933924991666666,19.543108236111117,-7.119941585416667,1.172207294465,91661.42944444444,0.2706359757986111,2.199059349595455,0.2722769839583333,1,0.55,67.95,21.39,25.48,0.0,3.57,0,0.55,0,8,0.2012528154545454,-0.2078788905454545,1.0
24.958927291666686,0.2255790505555555,0.268579165,20.17491491666667,-7.268381400000001,0.09570719415,91490.56027777778,0.2470791077777777,0.2762812817579547,0.2485356331944444,1,0.34,67.86,21.64,25.45,0.0,2.63,0,0.34,0,8,0.2111597436363636,-0.2178605443636363,1.0
25.174239097222245,0.2185688016805555,0.2645031609722222,20.599022527777777,-7.241434353472222,0.0289231399925,91517.90277777778,0.2415359813263888,0.153005053747841,0.2428806092083333,1,0.44,63.55,22.83,26.96,0.0,2.16,0,0.44,0,8,0.2125750190909091,-0.2192864949090909,1.0
24.39335305555557,0.2996808157638889,0.2929684326388889,18.648888361111112,-7.1555063875,0.7326349093265,91663.05208333334,0.2963246242013888,3.864559470622341,0.2994514577430555,1,5.82,76.32,22.46,23.96,0.0,2.47,0,5.82,0,10,0.2677707618181818,-0.2748985661818182,2.037
23.98776006944447,0.2825639511805555,0.2877411313194444,18.53433523611111,-6.3330985930555554,1.95784814770875,91692.205,0.28515254125,3.129930648084091,0.2876371806249999,1,3.91,74.6,22.66,24.24,0.29,1.47,0,3.62,0,10,0.2691860372727273,-0.2763245167272727,1.267
24.245984652777803,0.2897888820833333,0.3062941239583333,18.809131222222224,-6.680355780555556,0.48215300708,91869.53472222222,0.2980415030208333,0.960574890715341,0.3008972807291666,1,4.65,74.56,20.66,23.86,0.0,2.04,0,4.65,0,10,0.2626624,-0.2854131,1.6275
24.24839562500002,0.2756662372916666,0.2995798318055555,17.566549875,-6.493651256250001,1.1054724268475,91908.8611111111,0.2876230345486111,2.7542324714178408,0.2900174457638889,1,4.17,75.28,18.2,23.95,0.04,2.12,0,4.13,0,10,0.260169634,-0.277184234,1.4454999999999998
24.569884305555576,0.263211144375,0.2929405631944444,18.253247791666663,-6.476108935416667,0.380857038695,91916.59722222222,0.2780758537847222,2.160830282782841,0.2804781067013888,1,3.76,70.46,19.04,23.9,0.0,1.94,0,3.76,0,10,0.257676868,-0.268955368,1.3159999999999998
23.700763263888916,0.2511611520833333,0.285999191736111,19.729261319444444,-6.808549054166667,0.52345677609875,91820.76277777778,0.2685801719097221,1.0789413142740911,0.2709407807638888,1,3.35,58.36,18.12,22.84,0.0,1.82,0,3.35,0,10,0.255184102,-0.2607265019999999,1.1724999999999999
23.13791083333336,0.2401325440277777,0.2790554890972221,20.66223905555556,-6.7518800875,0.189216428375,91822.11680555556,0.2595940165625,1.0888880721002558,0.2617099019097222,1,3.3,58.74,21.85,22.58,0.0,1.52,0,3.3,0,10,0.252691336,-0.2524976359999999,1.1549999999999998
23.655972152777803,0.2312196093055555,0.2726617392361111,20.388734444444445,-6.536907147916667,0.10530315333,91909.71541666667,0.2519406742708333,0.218351556795341,0.2537575828472222,1,2.88,65.84,21.75,22.85,0.0,1.34,0,2.88,0,10,0.25019857,-0.24426877,1.008
23.636347916666686,0.2235800420833333,0.2667595538888889,20.186885069444443,-6.487581325000001,0.051853055125,91912.75111111112,0.245169797986111,0.226107233370341,0.246760367986111,1,2.62,67.92,20.58,23.07,0.0,1.52,0,2.62,0,10,0.2491465712,-0.2442242144,1.0
24.162103888888915,0.2170428168749999,0.2612876897916666,20.04544769444444,-6.931309855555555,0.0115871382,91804.39125,0.2391652533333333,0.0617712498002557,0.2406086919444444,1,2.26,70.44,18.8,24.15,0.0,2.02,0,2.26,0,10,0.2480945724,-0.2441796588,1.0
24.881313263888917,0.2120433385347221,0.2566698923611111,17.91258851388889,-6.524894398611111,0.7163803897250001,91786.39013888888,0.2343566154479166,1.129879395700341,0.2353752458854166,1,1.59,74.23,18.07,24.11,0.07,2.08,0,1.52,0,10,0.2470425736,-0.2441351032,1.0
21.21835062500002,0.2912794747916666,0.2982238138888888,15.655452680555555,-5.527928088888888,0.0507354717815,91835.70375000002,0.2947516443402778,0.2070382207348694,0.2969725925694444,1,0.59,69.39,15.61,20.79,0.0,2.54,0,0.59,0,12,0.2238986,-0.24315488,1.0
21.042476736111134,0.2792045806944444,0.29387802625,15.958949847222222,-5.645487828472223,0.30192062285,91958.16777777778,0.2865413034722222,0.7977008794353695,0.2885097931597222,1,0.54,68.88,17.24,20.9,0.0,2.46,0,0.54,0,12,0.2238986,-0.24315488,1.0
21.51594333333336,0.26456038125,0.2808592055555555,14.548960902777775,-5.579850254166667,0.8517891211875,91976.49777777775,0.2727097934027777,4.48489709930037,0.2745255893055555,1,0.29,71.04,18.37,21.45,0.0,3.39,0,0.29,0,12,0.2238986,-0.24315488,1.0
21.508417013888916,0.2560639904166666,0.2775279151388888,13.99477976388889,-5.2598439104166665,0.808388768709,91984.38777777777,0.2667959527777777,1.2958061399148697,0.2679735290972221,1,0.31,69.72,12.09,21.75,0.0,2.77,0,0.31,0,12,0.2238986,-0.24315488,1.0
22.06926458333336,0.2493152622916666,0.2743769761805555,14.441894833333334,-4.938189250694444,1.41905286275,91962.75347222222,0.2618461192361111,3.8947970415753694,0.2631731564236111,1,0.28,71.05,15.14,22.94,0.0,2.02,0,0.28,0,12,0.2238986,-0.24315488,1.0
22.35777270833336,0.2423626584027777,0.2709356944444444,14.792353958333337,-4.849658810416667,0.8264571252999999,91974.35180555558,0.256649176423611,3.7260077513503695,0.2579811947222221,1,0.28,66.45,16.69,22.05,0.0,1.84,0,0.28,0,12,0.2238986,-0.24315488,1.0
20.970586388888915,0.2349554695555555,0.2671866945833333,16.34020097222222,-5.516149297222222,0.1199719416962499,92036.08444444444,0.2510710820694444,0.6049279617191193,0.2524882948958333,1,0.22,64.34,18.55,20.44,0.0,2.35,0,0.22,0,12,0.2238986,-0.24315488,1.0
21.296118472222247,0.2282292048888888,0.2634514708333333,17.11280625,-5.898109174305555,0.0554357873574999,92132.18055555556,0.2458403378611111,0.1556738494603694,0.2470553192187499,1,0.18,69.61,19.82,21.9,0.0,2.59,0,0.18,0,12,0.2238986,-0.24315488,1.0
21.148262222222243,0.2188232211805555,0.2570628056249999,17.056203944444448,-6.621709181250001,1.42306460549,92092.19916666666,0.2379430134027777,7.86174458474537,0.2391115824305555,1,0.16,64.61,21.2,21.02,0.0,2.85,0,0.16,0,12,0.2238986,-0.24315488,1.0
20.895740694444463,0.2136743332291666,0.2536076443749999,18.082817527777777,-6.9325652388888885,0.0486493081,92101.71527777778,0.2336409888020832,0.2841859914002771,0.2346267172222221,1,0.13,65.28,21.71,21.04,0.0,2.99,0,0.13,0,12,0.2238986,-0.24315488,1.0
21.377660694444465,0.2100112704513888,0.2507685551388888,16.69818172222222,-6.144481153472222,0.0843636686549999,92022.84027777778,0.2303899127951388,0.1819752136978694,0.2310876314062499,1,0.1,72.27,16.89,22.2,0.0,3.23,0,0.1,0,12,0.2238986,-0.24315488,1.0
21.785216319444466,0.2072536685277777,0.2483933769444444,15.510582611111111,-5.595148957638889,0.0326856972959999,92024.35763888888,0.227823522736111,0.1560524116393694,0.2284093966770832,1,0.09,71.56,12.19,22.47,0.01,3.24,0,0.08,0,12,0.2238986,-0.24315488,1.0
22.48535958333336,0.2045910094097222,0.245967441111111,16.58495291666667,-5.78907543125,0.141569225875,91958.13666666666,0.2252792252604166,0.3642015122668694,0.2259669834895833,1,0.08,64.4,18.18,21.96,0.0,2.8,0,0.08,0,12,0.2238986,-0.24315488,1.0
21.725336875000025,0.2018615931666666,0.2434429588888888,17.36173256944444,-5.937804424305555,0.13445206069775,91931.86458333334,0.2226522760277777,0.4007902016936194,0.2232790520694444,1,0.06,65.24,19.52,21.18,0.0,2.57,0,0.06,0,12,0.2238986,-0.24315488,1.0
